,reform,district,total_pov_change,child_pov_change,young_child_pov_change,total_deep_pov_change,child_deep_pov_change,young_child_deep_pov_change,population,child_population,young_child_population,total_pov_rate,child_pov_rate,young_child_pov_rate,new_total_pov_rate,new_child_pov_rate,new_young_child_pov_rate,total_deep_pov_rate,child_deep_pov_rate,young_child_deep_pov_rate,new_total_deep_pov_rate,new_child_deep_pov_rate,new_young_child_deep_pov_rate
0,All Children 100,Maryland,-9.8,-20.7,-20.1,-7.4,-19.1,-23.7,6319406.000000001,1390540.0,376011.0,0.12544612579093667,0.1482647029211673,0.15847940618758494,0.11309812979257859,0.11752844218792699,0.1265601272303204,0.04102490012510669,0.038308858429099486,0.035501620963216504,0.03799676741769716,0.030993714671997928,0.02710027100271003
1,All Children 100,036,-4.1,-10.9,0.0,0.0,0.0,0.0,137998.50638469058,27920.790532813553,6638.590173752445,0.08983726420072358,0.0703802454774629,0.048160161549134356,0.08619841056680591,0.06271484477792175,0.048160161549134356,0.02685236008596517,0.01827459032000423,0.0036478072265690824,0.02685236008596517,0.01827459032000423,0.0036478072265690824
2,All Children 100,037,-4.6,-13.5,-15.0,-6.9,-20.9,-40.8,131847.5727120465,26621.154768906068,6302.777533124193,0.09885305409837956,0.08952350118263244,0.06496865305783252,0.09432206426340585,0.07744219405511567,0.05524566610442864,0.037962840579996396,0.03666915913050692,0.022207048711694356,0.03535235956602111,0.029006346534999075,0.013150019768797585
3,All Children 100,ZZZ,,,,,,,0.0,0.0,0.0,,,,,,,,,,,,
4,All Children 100,021,-9.5,-21.5,-9.6,-3.6,-14.4,-20.1,136305.6112242434,30624.509722630184,10004.392169817478,0.13093740545616794,0.15444562895545555,0.20467990445098672,0.11848692810305621,0.1212655916152614,0.18502575133384663,0.04092506084165775,0.027037487248188802,0.030523787229626995,0.039449859334083355,0.023153418761233047,0.024380854497656815
5,All Children 100,022,-18.2,-34.8,-29.4,-3.0,-7.1,-6.8,136174.3900377187,33567.93836029987,11379.632850923492,0.17814388636980186,0.2496280609540175,0.23774415465371837,0.14571663417468292,0.16265415238083317,0.1677834827965738,0.04470975660002567,0.045247867684207944,0.06205397071608618,0.043383488063208846,0.0420392584145089,0.05785110631913602
6,All Children 100,023,-28.6,-65.4,-13.1,0.0,0.0,0.0,133548.15767913003,27862.335125054648,6988.339586682655,0.08282066474290678,0.1320403350174902,0.09534591348313305,0.059098916138733706,0.04569102512024607,0.08289597634383095,0.020635405268522297,0.006254186364870884,0.0053736600714453815,0.020635405268522297,0.006254186364870884,0.0053736600714453815
7,All Children 100,024,-28.9,-53.9,-49.9,-5.6,-38.7,0.0,130034.15953075975,28421.306083763156,7178.431535745822,0.15421856382161264,0.2475312731183137,0.20257891274874532,0.10971675324289519,0.11413972429038657,0.10147408730870437,0.028229976883308788,0.011660933947021829,0.004951153728424558,0.026659790280951317,0.007152023501223943,0.004951153728424558
8,All Children 100,004,-5.2,-11.7,-4.2,-6.9,-20.4,-1.7,148118.0657334245,34677.09076351521,8386.161595880963,0.08843172969710371,0.0788182468511217,0.10268198234722585,0.08384864354497046,0.06959742006082156,0.09834487878896958,0.02628107120128972,0.026038377290491025,0.026143051178832453,0.024475137568779212,0.020729135615236288,0.025700883109405145
9,All Children 100,005,-13.9,-32.3,-48.7,-7.8,-24.7,-48.0,137093.76127801463,28591.27074882543,6856.070026504057,0.06907327344817545,0.07655746509129967,0.06304591265397537,0.05945767343921506,0.05182599355531686,0.032362821948488246,0.021387289711251985,0.02156283566058002,0.011422172452407616,0.019718420286283907,0.016245972073039742,0.005935050391937291
10,All Children 100,009,-4.2,-9.0,-16.9,-1.5,-5.9,-8.9,151926.23747424368,35147.85986069961,8316.445336131641,0.07369501824790926,0.0775028352296996,0.04412358325641194,0.0705795130799424,0.07050159830094496,0.03667102160784129,0.02071240779282876,0.014957874002814923,0.01038418566347218,0.020405303796385714,0.014075874600973823,0.009461698505003988
11,All Children 100,040,-4.0,-10.4,-6.8,-4.5,-11.3,-3.7,104197.73262145191,21160.71358460886,6593.244645583044,0.26531356208717544,0.3472289103148904,0.30917200086729185,0.2547039551954334,0.31117017239446776,0.28824412137105926,0.09657340946095563,0.11018875844582557,0.09174366764974483,0.09225699614500579,0.09769614504398956,0.08831577290821824
12,All Children 100,045,-2.6,-5.0,-3.1,-8.8,-29.6,-12.0,117771.95295508276,24269.640233569524,7359.356584450285,0.21449398714101395,0.27139301292682844,0.188586752701303,0.2089926225832877,0.2579100535606605,0.182697127114605,0.07887484779062597,0.07872543029387832,0.035990688801692934,0.0719240631658053,0.05543803425273068,0.03165703463330786
13,All Children 100,046,-4.2,-9.0,-8.8,-11.3,-26.5,-14.8,115319.12860217909,23573.20187336759,6814.72179616557,0.31273729359061125,0.4717596690787056,0.3898607167583739,0.29949801606873394,0.42911426248472645,0.3556859052940388,0.11424270600977039,0.14794950288152822,0.07215561810052457,0.10138930587090866,0.10872165348195063,0.06145497129468184
14,All Children 100,007,-0.9,-0.8,-1.5,-5.6,-16.4,-24.3,141761.4907281592,29232.372454450477,7020.847573886839,0.09180863359940401,0.104140804970251,0.18815802294184597,0.09102742986040763,0.10329698973199083,0.18527156618940296,0.03085325836821983,0.025874805879260478,0.0594672776079181,0.029132032968633443,0.02161885370449591,0.04499795803622238
15,All Children 100,034,-3.2,-4.6,-9.2,-14.1,-12.3,-24.5,134751.91586952424,30031.386383115554,8292.506364727447,0.11168883530696679,0.13727408728660134,0.24548181254778312,0.10810539740550797,0.131022806552588,0.22284274314519342,0.05505529534395442,0.08559065708391249,0.1558808879818773,0.04727220218228122,0.07504162084526496,0.11767745836500723
16,All Children 100,035,-3.7,-12.8,0.0,0.0,0.0,0.0,138772.6739831373,29334.71766036067,7224.587102113348,0.0821365825000468,0.0541606447192078,0.0698026998640133,0.07907800560670528,0.04721023225765714,0.0698026998640133,0.03378178652641121,0.025094309272937015,0.031039502656549065,0.03378178652641121,0.025094309272937015,0.031039502656549065
17,All Children 100,015,-5.5,-9.7,-18.2,-12.4,-39.2,-60.5,132970.1432124917,28885.262020136455,6484.895562572541,0.09967103322512985,0.11834006621129425,0.13404743560291935,0.09416225114810002,0.10687239886819096,0.10962082169603736,0.029812105707604182,0.02497062997753498,0.03488506446048574,0.026120850124623077,0.015189974159998542,0.013778532525359656
18,All Children 100,016,-5.5,-11.9,-44.2,-0.2,-0.8,-2.5,135523.97006429,28924.258288966797,6520.4750057160345,0.08851974055490112,0.09697845511194256,0.11521594204421487,0.08362031413908742,0.08544893397982921,0.06434610358066238,0.03170765285806048,0.026801317418289075,0.01388165877099014,0.03162925161528547,0.026596097289723106,0.013530363293986648
19,All Children 100,017,-5.3,-10.6,-14.5,-24.8,-70.2,-95.7,148403.13987533527,29756.94306138756,6457.733047595881,0.16216918755478338,0.1773666891885152,0.304620129954975,0.1534943113712758,0.15855218645502603,0.26060160329512944,0.04344181844958863,0.04283617886540642,0.0567967816797042,0.03267391242359538,0.012776110673146445,0.0024255261828940917
20,All Children 100,018,-16.2,-22.5,-28.0,-20.1,-39.7,-56.0,141525.8510196117,33389.856048763984,10139.888772464239,0.17741666391316888,0.226868537759755,0.27844863864462227,0.14859982732529534,0.17572382117603627,0.20040405181097992,0.04808267803824196,0.051418642786256574,0.027480587081879296,0.03843267077829751,0.030994007947543385,0.012083385194442249
21,All Children 100,019,-15.3,-19.4,-22.5,-27.3,-53.0,-69.0,150024.3023403057,36756.84048023443,11018.291570962498,0.18448607318580174,0.23878725618051982,0.31942870421616976,0.15625455759802287,0.19254663086015983,0.24771386236017617,0.04643480165995999,0.04891929809320609,0.03286792687894611,0.033760805685817616,0.022977356290996193,0.010199665971437474
22,All Children 100,039,-5.6,-7.5,-10.5,-8.2,-31.2,-39.6,125782.827895456,28604.806028785453,8018.627729403648,0.09626540030318413,0.13844869744267888,0.10892420251753754,0.09083030534351556,0.1280363372922383,0.09750935793232794,0.029765043614429377,0.022815792328386684,0.0598164587661648,0.027337890625099014,0.015693470422434463,0.036151163207429726
23,All Children 100,027,-6.6,-9.4,-17.2,-5.5,-8.7,-43.1,149478.66811975132,33012.956909311855,7724.560793892246,0.09070221099683566,0.11985250527332035,0.13056209295263763,0.08472548896415039,0.108557975756572,0.10815801482911432,0.031809498390508346,0.048409865443049815,0.041830587617565605,0.03006623208660589,0.04419376621136888,0.02381197064054358
24,All Children 100,029,-2.3,-2.9,-5.4,-7.5,-9.8,-45.5,145298.59229879008,33493.22789802034,7307.352894307185,0.08495229388223377,0.11412240454156623,0.09659597219746925,0.08297144803416732,0.11085620965860489,0.09142755302085188,0.0445331791679551,0.07875806827902637,0.07806095170201388,0.041185460053688984,0.07100085543199317,0.04250579219390482
25,All Children 100,014,-6.1,-10.3,-9.0,-9.8,-28.8,-44.7,141946.0474380321,34745.04826598392,8938.492689604362,0.11097748013477153,0.13733999978829733,0.2121057977728223,0.10415740738193487,0.12326181925676047,0.19299962085315617,0.03098600431633533,0.019416320192332644,0.02413085331737054,0.027935194762745003,0.013830814577280443,0.013337104018598113
26,All Children 100,020,-12.5,-27.4,-23.0,-2.8,-7.1,-19.3,141302.71815447757,32011.985805741428,10487.595621680797,0.18061915420361876,0.19341005283375043,0.20633639299210835,0.1579609691292932,0.1403660497802006,0.15887172197523927,0.05470714243952992,0.04303365127812781,0.024061060063026645,0.053163792888426056,0.03998070465720584,0.019428328920148005
27,All Children 100,003,-11.4,-24.0,-9.4,-1.1,-3.7,0.0,140518.83013425834,30562.05982737942,8474.619413160095,0.11005673178728505,0.13211030239492705,0.14637796378131598,0.09747409966607092,0.1004388257644878,0.13264715263490082,0.031819954540972036,0.029769987708947933,0.02200441416173493,0.03147082081833083,0.028661598189589046,0.02200441416173493
28,All Children 100,010,-24.8,-37.7,-36.2,-15.0,-31.1,-100.0,130559.54700365491,29764.686280670492,8255.413412128444,0.15177956915306048,0.1671475138989402,0.16478835386612536,0.11410186746442731,0.10420948260528944,0.10511722415455861,0.034574072228122345,0.035910762460068024,0.013498999119886276,0.02939661452614208,0.024732277497503605,0.0
29,All Children 100,012,-13.3,-38.4,-72.4,-10.0,-29.6,0.0,130908.08116763597,30119.172576573583,8139.57585812543,0.09125785759119509,0.09124857113809952,0.10981960187886274,0.07914598732403554,0.05618049443115961,0.030264250408577328,0.033265795596886576,0.01126651147198068,0.007040058455805326,0.02992862345748811,0.007928179804868754,0.007040058455805326
30,All Children 100,044,-10.8,-28.2,-43.7,-12.1,-27.6,-19.4,117785.24830688488,26235.511256030055,7311.2666970359005,0.15558040335415374,0.18568518845961657,0.21859474884681493,0.13874931878502725,0.13338568605468148,0.12297950021916476,0.054681020817840244,0.04028765240308778,0.026027590356995655,0.04807019996134404,0.029180186388068678,0.020978051365483114
31,All Children 100,006,-7.6,-2.9,0.0,-16.7,-30.0,-11.4,125611.7874249458,26627.900369576055,6495.668314121458,0.15173866692253685,0.1415781584874165,0.0959892051711722,0.1402239810763487,0.13749978016795888,0.0959892051711722,0.05417839157404414,0.07383073456362595,0.0368880221750491,0.04514856453401522,0.05165924627398695,0.032699866035225976
32,All Children 100,008,0.0,0.0,0.0,-7.3,-29.1,-33.8,131122.27886295505,27579.985376932043,8905.386181606156,0.14388254811159018,0.1557067050759926,0.3223136877749999,0.14388254811159018,0.1557067050759926,0.3223136877749999,0.060281635284140496,0.04383401968539787,0.06947652882701924,0.05590544904309662,0.031057229083178806,0.04596198918387214
33,All Children 100,042,0.0,0.0,0.0,-7.0,-17.5,-4.9,131511.08893079936,27892.91390160102,7397.141166917899,0.10915223217817072,0.11101954795899453,0.09439025178554457,0.10915223217817072,0.11101954795899453,0.09439025178554457,0.057776944454259425,0.05202341960301566,0.0604556400185236,0.0537284650468775,0.04294235652442699,0.05747767542735527
34,All Children 100,001,-12.1,-29.3,-55.3,0.0,0.0,0.0,114170.96362899712,21238.114213837565,5578.435272971896,0.11085355658600969,0.11005014709458207,0.15924933955160636,0.0974510347536705,0.07783207608339957,0.07111238531541858,0.04137211672147138,0.042089366598234514,0.013969078277108646,0.04137211672147138,0.042089366598234514,0.013969078277108646
35,All Children 100,013,-6.2,-14.1,-9.7,0.0,0.0,0.0,148745.83789038018,36389.271209665174,9943.934317579071,0.07999514445240397,0.07100556394432579,0.07092252575369754,0.07506714711929718,0.060970144136802934,0.06404511139766933,0.027692324216020425,0.01242663893504158,0.025372985002822496,0.027692324216020425,0.01242663893504158,0.025372985002822496
36,All Children 100,031,0.0,0.0,0.0,-1.1,-2.5,0.0,145270.88316427977,32619.544246425525,9982.382059260528,0.07463323865795647,0.07158132330192994,0.037178120853448335,0.07463323865795647,0.07158132330192994,0.037178120853448335,0.02718229836588012,0.030199825126899955,0.021421208957119478,0.026869979608382888,0.02943061023227301,0.021421208957119478
37,All Children 100,032,-6.8,-15.4,-50.4,-0.6,-2.2,0.0,156224.75947178405,34893.13420019191,9381.886953436315,0.05891799154951797,0.0629867092492698,0.052778520872698215,0.05488319773221913,0.053312535193457536,0.02617179672535701,0.019281879041347354,0.013773803954014244,0.011010545228861543,0.019157056692656053,0.013464738002749513,0.011010545228861543
38,All Children 100,011,-11.4,-19.5,-22.1,-9.8,-32.7,-100.0,133963.79563157394,29444.971972330313,6855.220284896709,0.10981002457370936,0.10977969071335979,0.10357770495969329,0.0972602408838924,0.08838042164601184,0.08069308737089485,0.033230880988720415,0.023232966020200772,0.013676338005645352,0.029961741111215783,0.01562622963439931,0.0
39,All Children 100,025,-25.5,-51.4,-46.2,-4.0,-27.6,0.0,126097.64789268172,26867.999196267705,6875.930336358478,0.14216235814700642,0.21174346203795835,0.17791281268899836,0.10587590854743363,0.10283717110414023,0.09565311064127893,0.02839671105752708,0.01211817873398277,0.004468805002240771,0.027261856811733272,0.00877531506770098,0.004468805002240771
40,All Children 100,026,-11.2,-35.4,-18.6,0.0,0.0,0.0,127742.05797427213,24824.052780939528,6997.055186839021,0.12882211555112386,0.0974373592487523,0.10270612788800947,0.11433047123851575,0.06291252765298237,0.08363309445572623,0.04053874404331779,0.01661204124876037,0.009190221680425163,0.04053874404331779,0.01661204124876037,0.009190221680425163
41,All Children 100,041,-3.4,-10.0,-5.1,-2.3,-5.9,-2.0,112002.38869914619,23320.69949570873,7424.021401765578,0.25027279628216,0.29874722660855424,0.25540515867267255,0.24166738285241965,0.2688382910079875,0.24230121432520035,0.0922229004499366,0.09595695528223344,0.08558938625077585,0.09006467684554588,0.09029958509561184,0.08391332223132686
42,All Children 100,002,-18.2,-34.0,-66.3,0.0,0.0,0.0,133897.03637100285,29704.885786162435,7834.564727028104,0.09380149825029055,0.0982243267238828,0.06530520646319568,0.07668520330114043,0.06487126368748151,0.021992818671454216,0.03201344617263363,0.03228765907073099,0.01570915619389587,0.03201344617263363,0.03228765907073099,0.01570915619389587
43,All Children 100,047,-15.4,-29.4,-27.2,-5.4,-12.1,-13.4,131027.71179840367,35275.61925455575,12631.548778848854,0.21427605892727533,0.2686329031772165,0.23800353423827691,0.18137754083009,0.18965136763889792,0.17317271555073946,0.05764142968809204,0.057176222588547196,0.06350147127615494,0.054527297601346454,0.05027681921504879,0.054973883725100266
44,All Children 100,043,-3.7,-9.3,-4.5,-1.5,-6.6,0.0,111884.09461572432,21848.45846006528,6911.1266498892,0.19912568525246208,0.2337479592266474,0.23205487671701464,0.19170628548642182,0.21209242072254342,0.22150297448810655,0.07002328617313476,0.06695144453603576,0.07807527822801845,0.06895117949685993,0.0625633183876343,0.07807527822801845
45,All Children 100,030,-33.9,-68.2,-80.2,-0.4,-1.4,,133756.55459118503,28419.482580628835,8782.284245904804,0.08219408937833592,0.1377818724500952,0.07692828801285224,0.05436014951739038,0.043882670700899545,0.015213163058094394,0.015860517866567787,0.010231180269567874,0.0,0.015804790598712287,0.010086130986367976,0.0
46,All Children 100,033,-14.2,-40.5,-64.6,-2.9,-20.5,0.0,145629.0160642016,33012.007005937645,8479.474456595934,0.04848112340041133,0.049513997312771625,0.04161879749681358,0.041574088171619804,0.02946286530306765,0.014726086284483332,0.013956536649095243,0.004869379144032104,0.0018980167044652873,0.013546762888781125,0.003869680597610845,0.0018980167044652873
47,All Children 100,028,-9.0,-15.1,0.0,0.0,0.0,0.0,153445.79015279879,36302.886635973045,8134.728151387197,0.09070925974816056,0.11212459366357769,0.08541734329327703,0.08251357338812429,0.09519188782688856,0.08541734329327703,0.02436896658593418,0.015186065693076511,0.015914257875933743,0.02436896658593418,0.015186065693076511,0.015914257875933743
48,All Children 100,038,-6.1,-18.6,-23.7,-10.0,-26.9,-45.6,129652.98299008676,26979.170409235296,6765.31757045423,0.1238682441815253,0.12257754524584913,0.09846710666382798,0.11632505693495528,0.09972772409374835,0.07515435384287843,0.0685941232016886,0.07233997117078639,0.047583563977006596,0.06176192856746098,0.05288025198868186,0.025867575047902918
49,All Children 200,Maryland,-16.5,-34.8,-32.1,-15.7,-45.0,-46.7,6319406.000000001,1390540.0,376011.0,0.12544612579093667,0.1482647029211673,0.15847940618758494,0.10478817154650293,0.09665957110187409,0.10758993752842337,0.04102490012510669,0.038308858429099486,0.035501620963216504,0.034577142218746505,0.021065197692982582,0.01891699976862379
50,All Children 200,036,-9.4,-27.8,-12.8,-13.2,-14.1,0.0,137998.50638469058,27920.790532813553,6638.590173752445,0.08983726420072358,0.0703802454774629,0.048160161549134356,0.08139394558959782,0.05082506625768929,0.0419980193472983,0.02685236008596517,0.01827459032000423,0.0036478072265690824,0.023305511017315914,0.015691312765129903,0.0036478072265690824
51,All Children 200,037,-9.2,-27.3,-15.0,-14.3,-55.0,-40.8,131847.5727120465,26621.154768906068,6302.777533124193,0.09885305409837956,0.08952350118263244,0.06496865305783252,0.08979945292910312,0.06507234574086597,0.05524566610442864,0.037962840579996396,0.03666915913050692,0.022207048711694356,0.03251691026954064,0.016487265874848413,0.013150019768797585
52,All Children 200,ZZZ,,,,,,,0.0,0.0,0.0,,,,,,,,,,,,
53,All Children 200,021,-16.6,-33.7,-27.8,-6.0,-25.6,-29.2,136305.6112242434,30624.509722630184,10004.392169817478,0.13093740545616794,0.15444562895545555,0.20467990445098672,0.10916197593201313,0.1023870724006824,0.14770778064421,0.04092506084165775,0.027037487248188802,0.030523787229626995,0.03846304242182694,0.020125563246192447,0.021606626812250923
54,All Children 200,022,-27.9,-49.0,-40.6,-5.7,-13.9,-9.8,136174.3900377187,33567.93836029987,11379.632850923492,0.17814388636980186,0.2496280609540175,0.23774415465371837,0.12838617347706288,0.12742198699483762,0.14130124655307338,0.04470975660002567,0.045247867684207944,0.06205397071608618,0.042139983805195264,0.03894921735586366,0.05595303852696498
55,All Children 200,023,-35.3,-76.6,-41.4,-2.0,-14.9,0.0,133548.15767913003,27862.335125054648,6988.339586682655,0.08282066474290678,0.1320403350174902,0.09534591348313305,0.05357012472068454,0.03086267936463064,0.05584648425845762,0.020635405268522297,0.006254186364870884,0.0053736600714453815,0.020227695326103717,0.005323388671433622,0.0053736600714453815
56,All Children 200,024,-39.4,-73.7,-66.8,-5.6,-38.7,0.0,130034.15953075975,28421.306083763156,7178.431535745822,0.15421856382161264,0.2475312731183137,0.20257891274874532,0.09343718954415034,0.06501237152199375,0.06728328416494476,0.028229976883308788,0.011660933947021829,0.004951153728424558,0.026659790280951317,0.007152023501223943,0.004951153728424558
57,All Children 200,004,-11.7,-29.9,-14.6,-14.0,-38.7,-6.4,148118.0657334245,34677.09076351521,8386.161595880963,0.08843172969710371,0.0788182468511217,0.10268198234722585,0.07806737375819767,0.055287365755149566,0.08770834360520312,0.02628107120128972,0.026038377290491025,0.026143051178832453,0.022603332514146812,0.015954779198961985,0.02445783517292248
58,All Children 200,005,-13.9,-32.3,-48.7,-7.8,-24.7,-48.0,137093.76127801463,28591.27074882543,6856.070026504057,0.06907327344817545,0.07655746509129967,0.06304591265397537,0.05945767343921506,0.05182599355531686,0.032362821948488246,0.021387289711251985,0.02156283566058002,0.011422172452407616,0.019718420286283907,0.016245972073039742,0.005935050391937291
59,All Children 200,009,-13.0,-26.0,-30.0,-1.5,-5.9,-8.9,151926.23747424368,35147.85986069961,8316.445336131641,0.07369501824790926,0.0775028352296996,0.04412358325641194,0.06411366700146612,0.05734798914392617,0.030902201280090875,0.02071240779282876,0.014957874002814923,0.01038418566347218,0.020405303796385714,0.014075874600973823,0.009461698505003988
60,All Children 200,040,-9.6,-24.5,-16.6,-14.4,-38.9,-45.4,104197.73262145191,21160.71358460886,6593.244645583044,0.26531356208717544,0.3472289103148904,0.30917200086729185,0.23988129751300458,0.2620756976181843,0.2578842086351986,0.09657340946095563,0.11018875844582557,0.09174366764974483,0.08266204322187636,0.06735888413657279,0.050089121557969386
61,All Children 200,045,-10.1,-27.5,-3.4,-10.7,-34.1,-12.5,117771.95295508276,24269.640233569524,7359.356584450285,0.21449398714101395,0.27139301292682844,0.188586752701303,0.19272697488618956,0.19688989302497661,0.182218694283256,0.07887484779062597,0.07872543029387832,0.035990688801692934,0.07047041874792352,0.051871852738952735,0.03148689980784008
62,All Children 200,046,-10.8,-24.3,-15.3,-13.1,-30.0,-14.8,115319.12860217909,23573.20187336759,6814.72179616557,0.31273729359061125,0.4717596690787056,0.3898607167583739,0.27887116830245473,0.357273736386476,0.3300472089816494,0.11424270600977039,0.14794950288152822,0.07215561810052457,0.09928787452456535,0.10355864917947898,0.06145497129468184
63,All Children 200,007,-7.7,-16.6,-3.9,-12.1,-44.1,-47.6,141761.4907281592,29232.372454450477,7020.847573886839,0.09180863359940401,0.104140804970251,0.18815802294184597,0.0847701522491081,0.08686584597547077,0.18086988484866892,0.03085325836821983,0.025874805879260478,0.0594672776079181,0.027118305875675135,0.014476368130559462,0.0311346393069408
64,All Children 200,034,-10.2,-18.2,-22.3,-49.8,-87.6,-94.3,134751.91586952424,30031.386383115554,8292.506364727447,0.11168883530696679,0.13727408728660134,0.24548181254778312,0.10032230424383475,0.11229901858484609,0.19062560591843117,0.05505529534395442,0.08559065708391249,0.1558808879818773,0.02764701890887114,0.010635396744348529,0.008944620224684738
65,All Children 200,035,-6.0,-24.1,-14.5,-18.7,-17.5,0.0,138772.6739831373,29334.71766036067,7224.587102113348,0.0821365825000468,0.0541606447192078,0.0698026998640133,0.07720682185775768,0.04113408551454054,0.05968557312769852,0.03378178652641121,0.025094309272937015,0.031039502656549065,0.027479824468227197,0.020701124037805944,0.031039502656549065
66,All Children 200,015,-13.2,-26.3,-30.3,-16.8,-53.4,-63.6,132970.1432124917,28885.262020136455,6484.895562572541,0.09967103322512985,0.11834006621129425,0.13404743560291935,0.0865042843020204,0.08725301405251785,0.09337155343874087,0.029812105707604182,0.02497062997753498,0.03488506446048574,0.024795493290941856,0.011643318027981435,0.012708182925544887
67,All Children 200,016,-6.9,-13.6,-50.0,-12.1,-40.1,-43.0,135523.97006429,28924.258288966797,6520.4750057160345,0.08851974055490112,0.09697845511194256,0.11521594204421487,0.08237991774664731,0.08383507575906239,0.05762286225689225,0.03170765285806048,0.026801317418289075,0.01388165877099014,0.027881359031465117,0.016044796648735326,0.007910058541099886
68,All Children 200,017,-12.4,-25.6,-33.0,-27.2,-76.2,-95.8,148403.13987533527,29756.94306138756,6457.733047595881,0.16216918755478338,0.1773666891885152,0.304620129954975,0.14203336511959816,0.13201329791655403,0.20423845341823718,0.04344181844958863,0.04283617886540642,0.0567967816797042,0.03162487869227,0.010190115440438633,0.002413407856393309
69,All Children 200,018,-22.3,-30.3,-35.2,-24.6,-48.3,-59.7,141525.8510196117,33389.856048763984,10139.888772464239,0.17741666391316888,0.226868537759755,0.27844863864462227,0.13780995998444537,0.15808274919412726,0.1803964233436457,0.04808267803824196,0.051418642786256574,0.027480587081879296,0.0362626371394312,0.026567425956320626,0.01106428318273273
70,All Children 200,019,-24.0,-31.3,-32.0,-27.6,-53.6,-69.0,150024.3023403057,36756.84048023443,11018.291570962498,0.18448607318580174,0.23878725618051982,0.31942870421616976,0.14021227866929964,0.16402730893473058,0.21711325158207495,0.04643480165995999,0.04891929809320609,0.03286792687894611,0.033600632267325056,0.02267910983513118,0.010199665971437474
71,All Children 200,039,-9.6,-13.1,-11.6,-12.6,-47.2,-39.6,125782.827895456,28604.806028785453,8018.627729403648,0.09626540030318413,0.13844869744267888,0.10892420251753754,0.08705280611222584,0.12026421371188552,0.09634269702924493,0.029765043614429377,0.022815792328386684,0.0598164587661648,0.02600334664916743,0.012037329883928126,0.036151163207429726
72,All Children 200,027,-13.2,-22.0,-39.1,-33.9,-70.0,-81.0,149478.66811975132,33012.956909311855,7724.560793892246,0.09070221099683566,0.11985250527332035,0.13056209295263763,0.0787256653200606,0.09346510551739665,0.07955033538645905,0.031809498390508346,0.048409865443049815,0.041830587617565605,0.02103075600978621,0.01454132406006314,0.007961006833689619
73,All Children 200,029,-4.2,-5.4,-19.2,-41.0,-72.2,-85.6,145298.59229879008,33493.22789802034,7307.352894307185,0.08495229388223377,0.11412240454156623,0.09659597219746925,0.08142083114857687,0.1079399642273894,0.07806095170201388,0.0445331791679551,0.07875806827902637,0.07806095170201388,0.026270856021188768,0.021891282370324283,0.011227945107823916
74,All Children 200,014,-18.4,-32.8,-24.4,-9.8,-28.8,-44.7,141946.0474380321,34745.04826598392,8938.492689604362,0.11097748013477153,0.13733999978829733,0.2121057977728223,0.0905649269164111,0.09234258331958242,0.16043227383099798,0.03098600431633533,0.019416320192332644,0.02413085331737054,0.027935194762745003,0.013830814577280443,0.013337104018598113
75,All Children 200,020,-15.8,-32.9,-32.4,-12.0,-26.6,-19.3,141302.71815447757,32011.985805741428,10487.595621680797,0.18061915420361876,0.19341005283375043,0.20633639299210835,0.15204137370494744,0.12974597670051832,0.13958143798283643,0.05470714243952992,0.04303365127812781,0.024061060063026645,0.048123907871823135,0.03160679970042091,0.019428328920148005
76,All Children 200,003,-25.8,-51.9,-62.9,-8.7,-26.4,-41.6,140518.83013425834,30562.05982737942,8474.619413160095,0.11005673178728505,0.13211030239492705,0.14637796378131598,0.08166348197463827,0.06350515851866434,0.05431911632239611,0.031819954540972036,0.029769987708947933,0.02200441416173493,0.029067215155267046,0.021906843752830057,0.01285054006412482
77,All Children 200,010,-28.8,-44.0,-44.2,-30.3,-61.6,-100.0,130559.54700365491,29764.686280670492,8255.413412128444,0.15177956915306048,0.1671475138989402,0.16478835386612536,0.10801900651182048,0.09359495780401372,0.09198086716373469,0.034574072228122345,0.035910762460068024,0.013498999119886276,0.024089810611301967,0.01379699108940845,0.0
78,All Children 200,012,-20.6,-54.7,-76.8,-10.0,-29.6,0.0,130908.08116763597,30119.172576573583,8139.57585812543,0.09125785759119509,0.09124857113809952,0.10981960187886274,0.0725002762752654,0.04137604966020818,0.025465894776857383,0.033265795596886576,0.01126651147198068,0.007040058455805326,0.02992862345748811,0.007928179804868754,0.007040058455805326
79,All Children 200,044,-16.4,-40.4,-53.3,-15.5,-40.6,-41.3,117785.24830688488,26235.511256030055,7311.2666970359005,0.15558040335415374,0.18568518845961657,0.21859474884681493,0.1300073241091074,0.11058131162358027,0.10207460013562815,0.054681020817840244,0.04028765240308778,0.026027590356995655,0.046214693787914776,0.023946953439408954,0.015270499926734465
80,All Children 200,006,-15.3,-23.2,-8.2,-16.7,-30.0,-11.4,125611.7874249458,26627.900369576055,6495.668314121458,0.15173866692253685,0.1415781584874165,0.0959892051711722,0.1285301797164476,0.10875251852926525,0.08814772554683116,0.05417839157404414,0.07383073456362595,0.0368880221750491,0.04514856453401522,0.05165924627398695,0.032699866035225976
81,All Children 200,008,-2.1,-1.7,0.0,-18.8,-82.4,-72.4,131122.27886295505,27579.985376932043,8905.386181606156,0.14388254811159018,0.1557067050759926,0.3223136877749999,0.1409223223937623,0.1531016491757817,0.3223136877749999,0.060281635284140496,0.04383401968539787,0.06947652882701924,0.048972642856450324,0.0077287400261833675,0.019142528872354448
82,All Children 200,042,-4.9,-13.0,-5.5,-25.3,-84.6,-83.0,131511.08893079936,27892.91390160102,7397.141166917899,0.10915223217817072,0.11101954795899453,0.09439025178554457,0.10382850393290034,0.09658367073639401,0.08917144255151692,0.057776944454259425,0.05202341960301566,0.0604556400185236,0.043187028502840244,0.00803197374082763,0.010275338623884743
83,All Children 200,001,-18.4,-38.7,-77.6,-9.2,-31.5,-35.6,114170.96362899712,21238.114213837565,5578.435272971896,0.11085355658600969,0.11005014709458207,0.15924933955160636,0.09050728012086226,0.06741626195702372,0.0356185612749514,0.04137211672147138,0.042089366598234514,0.013969078277108646,0.03757059402703451,0.02881763692847882,0.008992800214344428
84,All Children 200,013,-16.4,-40.9,-34.1,0.0,0.0,0.0,148745.83789038018,36389.271209665174,9943.934317579071,0.07999514445240397,0.07100556394432579,0.07092252575369754,0.06690495300066017,0.04198617031148035,0.04675141898785084,0.027692324216020425,0.01242663893504158,0.025372985002822496,0.027692324216020425,0.01242663893504158,0.025372985002822496
85,All Children 200,031,-5.2,-11.1,0.0,-15.8,-40.5,0.0,145270.88316427977,32619.544246425525,9982.382059260528,0.07463323865795647,0.07158132330192994,0.037178120853448335,0.070768025115799,0.06362772380769414,0.037178120853448335,0.02718229836588012,0.030199825126899955,0.021421208957119478,0.02287609717334401,0.017970092229051438,0.021421208957119478
86,All Children 200,032,-16.7,-34.6,-50.4,-7.1,-28.5,0.0,156224.75947178405,34893.13420019191,9381.886953436315,0.05891799154951797,0.0629867092492698,0.052778520872698215,0.0490969883850176,0.041222988948296284,0.02617179672535701,0.019281879041347354,0.013773803954014244,0.011010545228861543,0.01790370112936608,0.009849037412968057,0.011010545228861543
87,All Children 200,011,-19.4,-37.8,-41.0,-18.5,-61.4,-100.0,133963.79563157394,29444.971972330313,6855.220284896709,0.10981002457370936,0.10977969071335979,0.10357770495969329,0.08845739294006466,0.06824652317001108,0.061141161203725786,0.033230880988720415,0.023232966020200772,0.013676338005645352,0.027091761449162314,0.008966891946217637,0.0
88,All Children 200,025,-35.2,-71.0,-65.1,-5.8,-37.1,0.0,126097.64789268172,26867.999196267705,6875.930336358478,0.14216235814700642,0.21174346203795835,0.17791281268899836,0.09211532681920892,0.061473455803780865,0.06211817998538126,0.02839671105752708,0.01211817873398277,0.004468805002240771,0.026748252490528094,0.007627203917969108,0.004468805002240771
89,All Children 200,026,-16.3,-54.6,-56.5,-2.7,-16.3,0.0,127742.05797427213,24824.052780939528,6997.055186839021,0.12882211555112386,0.0974373592487523,0.10270612788800947,0.10776739249337669,0.044206344959178405,0.04465937157203962,0.04053874404331779,0.01661204124876037,0.009190221680425163,0.039433798903302036,0.013903811245931258,0.009190221680425163
90,All Children 200,041,-8.7,-23.4,-12.4,-17.5,-51.4,-66.9,112002.38869914619,23320.69949570873,7424.021401765578,0.25027279628216,0.29874722660855424,0.25540515867267255,0.22862172291462873,0.22887656578599605,0.22383859185994767,0.0922229004499366,0.09595695528223344,0.08558938625077585,0.07612947678812032,0.04667715423292307,0.02836088001732852
91,All Children 200,002,-20.6,-39.7,-66.3,-14.3,-47.7,-63.6,133897.03637100285,29704.885786162435,7834.564727028104,0.09380149825029055,0.0982243267238828,0.06530520646319568,0.07452514920130524,0.059189109203906486,0.021992818671454216,0.03201344617263363,0.03228765907073099,0.01570915619389587,0.02745041395565652,0.016898490677715303,0.005722621184919209
92,All Children 200,047,-25.1,-43.3,-36.2,-9.3,-21.5,-19.5,131027.71179840367,35275.61925455575,12631.548778848854,0.21427605892727533,0.2686329031772165,0.23800353423827691,0.16055264815574236,0.15239546624583464,0.151770678378775,0.05764142968809204,0.057176222588547196,0.06350147127615494,0.052289924455311436,0.044875153543966005,0.05112271515365622
93,All Children 200,043,-10.2,-30.9,-19.5,-5.9,-21.1,-15.9,111884.09461572432,21848.45846006528,6911.1266498892,0.19912568525246208,0.2337479592266474,0.23205487671701464,0.17888449258129327,0.16146927528483884,0.18669000571714212,0.07002328617313476,0.06695144453603576,0.07807527822801845,0.06586156688903608,0.052839052770914594,0.06569548742402394
94,All Children 200,030,-33.9,-68.2,-80.2,-0.4,-1.4,,133756.55459118503,28419.482580628835,8782.284245904804,0.08219408937833592,0.1377818724500952,0.07692828801285224,0.05436014951739038,0.043882670700899545,0.015213163058094394,0.015860517866567787,0.010231180269567874,0.0,0.015804790598712287,0.010086130986367976,0.0
95,All Children 200,033,-19.5,-51.1,-64.6,-2.9,-20.5,0.0,145629.0160642016,33012.007005937645,8479.474456595934,0.04848112340041133,0.049513997312771625,0.04161879749681358,0.039038060782146736,0.024228384583744666,0.014726086284483332,0.013956536649095243,0.004869379144032104,0.0018980167044652873,0.013546762888781125,0.003869680597610845,0.0018980167044652873
96,All Children 200,028,-25.5,-53.9,-73.8,-5.5,-27.8,0.0,153445.79015279879,36302.886635973045,8134.728151387197,0.09070925974816056,0.11212459366357769,0.08541734329327703,0.0675857160894868,0.05164717869099025,0.022409873335498535,0.02436896658593418,0.015186065693076511,0.015914257875933743,0.023020236687748937,0.01096501867934598,0.015914257875933743
97,All Children 200,038,-8.8,-29.4,-23.7,-20.8,-70.8,-45.6,129652.98299008676,26979.170409235296,6765.31757045423,0.1238682441815253,0.12257754524584913,0.09846710666382798,0.11293117813697717,0.08651433452565266,0.07515435384287843,0.0685941232016886,0.07233997117078639,0.047583563977006596,0.05434094317613731,0.021088035876354706,0.025867575047902918
98,Young Children 100,Maryland,-2.1,-4.4,-10.2,-3.5,-9.0,-21.3,6319406.000000001,1390540.0,376011.0,0.12544612579093667,0.1482647029211673,0.15847940618758494,0.12281059327411467,0.14181181411537963,0.14226711452590482,0.04102490012510669,0.038308858429099486,0.035501620963216504,0.039597392539741864,0.03485192802796036,0.02792205547178141
99,Young Children 100,036,0.0,0.0,0.0,0.0,0.0,0.0,137998.50638469058,27920.790532813553,6638.590173752445,0.08983726420072358,0.0703802454774629,0.048160161549134356,0.08983726420072358,0.0703802454774629,0.048160161549134356,0.02685236008596517,0.01827459032000423,0.0036478072265690824,0.02685236008596517,0.01827459032000423,0.0036478072265690824
100,Young Children 100,037,-0.4,-1.3,-7.6,-3.9,-13.0,-40.8,131847.5727120465,26621.154768906068,6302.777533124193,0.09885305409837956,0.08952350118263244,0.06496865305783252,0.09846254311742715,0.0883567354787897,0.06004056378007987,0.037962840579996396,0.03666915913050692,0.022207048711694356,0.03649417971684932,0.031886470885025345,0.013150019768797585
101,Young Children 100,ZZZ,,,,,,,0.0,0.0,0.0,,,,,,,,,,,,
102,Young Children 100,021,-2.9,-5.0,-9.0,-3.6,-14.4,-20.1,136305.6112242434,30624.509722630184,10004.392169817478,0.13093740545616794,0.15444562895545555,0.20467990445098672,0.12719618070757327,0.14678956814207983,0.18621073544259023,0.04092506084165775,0.027037487248188802,0.030523787229626995,0.039449859334083355,0.023153418761233047,0.024380854497656815
103,Young Children 100,022,-2.8,-4.2,-8.9,-2.6,-6.1,-6.8,136174.3900377187,33567.93836029987,11379.632850923492,0.17814388636980186,0.2496280609540175,0.23774415465371837,0.1731995790968571,0.23907813500097275,0.21668681562614295,0.04470975660002567,0.045247867684207944,0.06205397071608618,0.04356060638000479,0.042490221678252484,0.05785110631913602
104,Young Children 100,023,-0.9,-1.0,-5.3,0.0,0.0,0.0,133548.15767913003,27862.335125054648,6988.339586682655,0.08282066474290678,0.1320403350174902,0.09534591348313305,0.08208348006525912,0.13076538546865768,0.0902627215236577,0.020635405268522297,0.006254186364870884,0.0053736600714453815,0.020635405268522297,0.006254186364870884,0.0053736600714453815
105,Young Children 100,024,-12.8,-22.0,-49.9,0.0,0.0,0.0,130034.15953075975,28421.306083763156,7178.431535745822,0.15421856382161264,0.2475312731183137,0.20257891274874532,0.13451021080388822,0.19300674954595168,0.10147408730870437,0.028229976883308788,0.011660933947021829,0.004951153728424558,0.028229976883308788,0.011660933947021829,0.004951153728424558
106,Young Children 100,004,-0.5,-1.4,-2.4,0.0,0.0,0.0,148118.0657334245,34677.09076351521,8386.161595880963,0.08843172969710371,0.0788182468511217,0.10268198234722585,0.08801175965709311,0.07774237935183087,0.10020945069369358,0.02628107120128972,0.026038377290491025,0.026143051178832453,0.02628107120128972,0.026038377290491025,0.026143051178832453
107,Young Children 100,005,-6.7,-17.3,-48.7,0.0,0.0,0.0,137093.76127801463,28591.27074882543,6856.070026504057,0.06907327344817545,0.07655746509129967,0.06304591265397537,0.06446988194708901,0.06331901181525242,0.032362821948488246,0.021387289711251985,0.02156283566058002,0.011422172452407616,0.021387289711251985,0.02156283566058002,0.011422172452407616
108,Young Children 100,009,-1.1,-2.8,-11.7,0.0,0.0,0.0,151926.23747424368,35147.85986069961,8316.445336131641,0.07369501824790926,0.0775028352296996,0.04412358325641194,0.0728479058818818,0.07530674580996394,0.03896518567640613,0.02071240779282876,0.014957874002814923,0.01038418566347218,0.02071240779282876,0.014957874002814923,0.01038418566347218
109,Young Children 100,040,-0.4,-1.0,-1.4,-0.5,-1.7,-2.5,104197.73262145191,21160.71358460886,6593.244645583044,0.26531356208717544,0.3472289103148904,0.30917200086729185,0.26424774023088843,0.34370226895290995,0.3047852091947496,0.09657340946095563,0.11018875844582557,0.09174366764974483,0.09606062836906407,0.10828979771245147,0.08946655441514273
110,Young Children 100,045,0.0,0.0,0.0,0.0,0.0,0.0,117771.95295508276,24269.640233569524,7359.356584450285,0.21449398714101395,0.27139301292682844,0.188586752701303,0.21449398714101395,0.27139301292682844,0.188586752701303,0.07887484779062597,0.07872543029387832,0.035990688801692934,0.07887484779062597,0.07872543029387832,0.035990688801692934
111,Young Children 100,046,-0.5,-1.2,-1.9,-0.7,-2.0,-5.4,115319.12860217909,23573.20187336759,6814.72179616557,0.31273729359061125,0.4717596690787056,0.3898607167583739,0.3110437429463987,0.466192560646656,0.3823970073874338,0.11424270600977039,0.14794950288152822,0.07215561810052457,0.11342791623661051,0.14495182911042456,0.06828132621331905
112,Young Children 100,007,-0.4,-0.7,-1.5,-4.6,-13.4,-24.3,141761.4907281592,29232.372454450477,7020.847573886839,0.09180863359940401,0.104140804970251,0.18815802294184597,0.09144093940324952,0.10344755392061088,0.18527156618940296,0.03085325836821983,0.025874805879260478,0.0594672776079181,0.029446355172627545,0.0223996556030034,0.04499795803622238
113,Young Children 100,034,-3.2,-4.6,-9.2,-14.1,-12.3,-24.5,134751.91586952424,30031.386383115554,8292.506364727447,0.11168883530696679,0.13727408728660134,0.24548181254778312,0.10810539740550797,0.131022806552588,0.22284274314519342,0.05505529534395442,0.08559065708391249,0.1558808879818773,0.04727220218228122,0.07504162084526496,0.11767745836500723
114,Young Children 100,035,0.0,0.0,0.0,0.0,0.0,0.0,138772.6739831373,29334.71766036067,7224.587102113348,0.0821365825000468,0.0541606447192078,0.0698026998640133,0.0821365825000468,0.0541606447192078,0.0698026998640133,0.03378178652641121,0.025094309272937015,0.031039502656549065,0.03378178652641121,0.025094309272937015,0.031039502656549065
115,Young Children 100,015,-1.7,-3.2,-12.7,-12.4,-39.2,-60.5,132970.1432124917,28885.262020136455,6484.895562572541,0.09967103322512985,0.11834006621129425,0.13404743560291935,0.09796697636404111,0.11451184510470354,0.11699563134980301,0.029812105707604182,0.02497062997753498,0.03488506446048574,0.026120850124623077,0.015189974159998542,0.013778532525359656
116,Young Children 100,016,-5.5,-11.8,-44.1,-0.2,-0.8,-2.5,135523.97006429,28924.258288966797,6520.4750057160345,0.08851974055490112,0.09697845511194256,0.11521594204421487,0.08366348861718044,0.08553381900923604,0.06444853470537387,0.03170765285806048,0.026801317418289075,0.01388165877099014,0.03162925161528547,0.026596097289723106,0.013530363293986648
117,Young Children 100,017,-1.6,-3.4,-9.2,-24.8,-70.2,-95.7,148403.13987533527,29756.94306138756,6457.733047595881,0.16216918755478338,0.1773666891885152,0.304620129954975,0.15958488071699378,0.1713111201823298,0.27671634068507844,0.04344181844958863,0.04283617886540642,0.0567967816797042,0.03267391242359538,0.012776110673146445,0.0024255261828940917
118,Young Children 100,018,-2.9,-5.8,-14.4,-8.4,-15.3,-56.0,141525.8510196117,33389.856048763984,10139.888772464239,0.17741666391316888,0.226868537759755,0.27844863864462227,0.17233440765130625,0.21363753888008852,0.2383145389940765,0.04808267803824196,0.051418642786256574,0.027480587081879296,0.044050187304930495,0.04355634858081859,0.012083385194442249
119,Young Children 100,019,-2.1,-4.3,-9.8,-12.1,-22.6,-61.0,150024.3023403057,36756.84048023443,11018.291570962498,0.18448607318580174,0.23878725618051982,0.31942870421616976,0.18057309964850357,0.22848996655831572,0.2880847448993721,0.04643480165995999,0.04891929809320609,0.03286792687894611,0.040798641104673385,0.03785202183342375,0.01282565746591511
120,Young Children 100,039,-0.1,-0.1,-0.5,-8.2,-31.2,-39.6,125782.827895456,28604.806028785453,8018.627729403648,0.09626540030318413,0.13844869744267888,0.10892420251753754,0.09618730004212038,0.13828738112647626,0.10834873972141182,0.029765043614429377,0.022815792328386684,0.0598164587661648,0.027337890625099014,0.015693470422434463,0.036151163207429726
121,Young Children 100,027,-1.1,-1.5,-2.0,-5.5,-8.7,-43.1,149478.66811975132,33012.956909311855,7724.560793892246,0.09070221099683566,0.11985250527332035,0.13056209295263763,0.0896707200914476,0.11807730559682311,0.1279428453720179,0.031809498390508346,0.048409865443049815,0.041830587617565605,0.03006623208660589,0.04419376621136888,0.02381197064054358
122,Young Children 100,029,-2.3,-2.9,-5.4,-7.5,-9.8,-45.5,145298.59229879008,33493.22789802034,7307.352894307185,0.08495229388223377,0.11412240454156623,0.09659597219746925,0.08297144803416732,0.11085620965860489,0.09142755302085188,0.0445331791679551,0.07875806827902637,0.07806095170201388,0.041185460053688984,0.07100085543199317,0.04250579219390482
123,Young Children 100,014,-1.9,-4.2,-5.0,0.0,0.0,0.0,141946.0474380321,34745.04826598392,8938.492689604362,0.11097748013477153,0.13733999978829733,0.2121057977728223,0.10884855413386663,0.1315470325361146,0.2014361145579438,0.03098600431633533,0.019416320192332644,0.02413085331737054,0.03098600431633533,0.019416320192332644,0.02413085331737054
124,Young Children 100,020,-3.2,-8.4,-14.6,0.0,0.0,0.0,141302.71815447757,32011.985805741428,10487.595621680797,0.18061915420361876,0.19341005283375043,0.20633639299210835,0.1748908464685138,0.17710273369574042,0.176119695820883,0.05470714243952992,0.04303365127812781,0.024061060063026645,0.05470714243952992,0.04303365127812781,0.024061060063026645
125,Young Children 100,003,0.0,0.0,0.0,0.0,0.0,0.0,140518.83013425834,30562.05982737942,8474.619413160095,0.11005673178728505,0.13211030239492705,0.14637796378131598,0.11005673178728505,0.13211030239492705,0.14637796378131598,0.031819954540972036,0.029769987708947933,0.02200441416173493,0.031819954540972036,0.029769987708947933,0.02200441416173493
126,Young Children 100,010,-3.2,-2.1,-7.7,-14.3,-30.5,-100.0,130559.54700365491,29764.686280670492,8255.413412128444,0.15177956915306048,0.1671475138989402,0.16478835386612536,0.14694561452961966,0.16362181664379946,0.15207654072231475,0.034574072228122345,0.035910762460068024,0.013498999119886276,0.029621564094962343,0.024959378966236876,0.0
127,Young Children 100,012,-2.1,-5.4,-16.7,0.0,0.0,0.0,130908.08116763597,30119.172576573583,8139.57585812543,0.09125785759119509,0.09124857113809952,0.10981960187886274,0.08931306566415334,0.08629863107996805,0.09150315622454432,0.033265795596886576,0.01126651147198068,0.007040058455805326,0.033265795596886576,0.01126651147198068,0.007040058455805326
128,Young Children 100,044,-1.9,-4.4,-10.6,-2.2,-7.9,-19.4,117785.24830688488,26235.511256030055,7311.2666970359005,0.15558040335415374,0.18568518845961657,0.21859474884681493,0.15263523010793284,0.1775977333257596,0.19546176525270853,0.054681020817840244,0.04028765240308778,0.026027590356995655,0.05350512107542018,0.03710004172861389,0.020978051365483114
129,Young Children 100,006,0.0,0.0,0.0,-0.5,-1.4,-11.4,125611.7874249458,26627.900369576055,6495.668314121458,0.15173866692253685,0.1415781584874165,0.0959892051711722,0.15173866692253685,0.1415781584874165,0.0959892051711722,0.05417839157404414,0.07383073456362595,0.0368880221750491,0.053901255967928316,0.07280906658551059,0.032699866035225976
130,Young Children 100,008,0.0,0.0,0.0,-3.4,-17.3,-33.8,131122.27886295505,27579.985376932043,8905.386181606156,0.14388254811159018,0.1557067050759926,0.3223136877749999,0.14388254811159018,0.1557067050759926,0.3223136877749999,0.060281635284140496,0.04383401968539787,0.06947652882701924,0.05823806881903257,0.03624133776251113,0.04596198918387214
131,Young Children 100,042,0.0,0.0,0.0,-1.1,-3.1,-4.9,131511.08893079936,27892.91390160102,7397.141166917899,0.10915223217817072,0.11101954795899453,0.09439025178554457,0.10915223217817072,0.11101954795899453,0.09439025178554457,0.057776944454259425,0.05202341960301566,0.0604556400185236,0.05712849452647346,0.05043610060469643,0.05747767542735527
132,Young Children 100,001,-8.0,-19.1,-50.2,0.0,0.0,0.0,114170.96362899712,21238.114213837565,5578.435272971896,0.11085355658600969,0.11005014709458207,0.15924933955160636,0.10202324489012397,0.08906180864082291,0.07934293077792486,0.04137211672147138,0.042089366598234514,0.013969078277108646,0.04137211672147138,0.042089366598234514,0.013969078277108646
133,Young Children 100,013,0.0,0.0,0.0,0.0,0.0,0.0,148745.83789038018,36389.271209665174,9943.934317579071,0.07999514445240397,0.07100556394432579,0.07092252575369754,0.07999514445240397,0.07100556394432579,0.07092252575369754,0.027692324216020425,0.01242663893504158,0.025372985002822496,0.027692324216020425,0.01242663893504158,0.025372985002822496
134,Young Children 100,031,0.0,0.0,0.0,0.0,0.0,0.0,145270.88316427977,32619.544246425525,9982.382059260528,0.07463323865795647,0.07158132330192994,0.037178120853448335,0.07463323865795647,0.07158132330192994,0.037178120853448335,0.02718229836588012,0.030199825126899955,0.021421208957119478,0.02718229836588012,0.030199825126899955,0.021421208957119478
135,Young Children 100,032,-6.8,-15.4,-50.4,0.0,0.0,0.0,156224.75947178405,34893.13420019191,9381.886953436315,0.05891799154951797,0.0629867092492698,0.052778520872698215,0.05488319773221913,0.053312535193457536,0.02617179672535701,0.019281879041347354,0.013773803954014244,0.011010545228861543,0.019281879041347354,0.013773803954014244,0.011010545228861543
136,Young Children 100,011,-1.5,-1.0,-4.7,-9.8,-32.7,-100.0,133963.79563157394,29444.971972330313,6855.220284896709,0.10981002457370936,0.10977969071335979,0.10357770495969329,0.1082126039902861,0.10865618520038992,0.09875195363948537,0.033230880988720415,0.023232966020200772,0.013676338005645352,0.029961741111215783,0.01562622963439931,0.0
137,Young Children 100,025,-10.0,-19.0,-41.2,0.0,0.0,0.0,126097.64789268172,26867.999196267705,6875.930336358478,0.14216235814700642,0.21174346203795835,0.17791281268899836,0.12801255954137128,0.17147941757990756,0.10455874030994959,0.02839671105752708,0.01211817873398277,0.004468805002240771,0.02839671105752708,0.01211817873398277,0.004468805002240771
138,Young Children 100,026,0.0,0.0,0.0,0.0,0.0,0.0,127742.05797427213,24824.052780939528,6997.055186839021,0.12882211555112386,0.0974373592487523,0.10270612788800947,0.12882211555112386,0.0974373592487523,0.10270612788800947,0.04053874404331779,0.01661204124876037,0.009190221680425163,0.04053874404331779,0.01661204124876037,0.009190221680425163
139,Young Children 100,041,-0.3,-0.9,-1.3,-0.4,-1.5,-2.0,112002.38869914619,23320.69949570873,7424.021401765578,0.25027279628216,0.29874722660855424,0.25540515867267255,0.24945100485671823,0.29609508912855687,0.25217627063520465,0.0922229004499366,0.09595695528223344,0.08558938625077585,0.09182752564882944,0.09452888125454253,0.08391332223132686
140,Young Children 100,002,-4.4,-9.2,-52.2,0.0,0.0,0.0,133897.03637100285,29704.885786162435,7834.564727028104,0.09380149825029055,0.0982243267238828,0.06530520646319568,0.08966522444209546,0.08922758212488903,0.03119389587073608,0.03201344617263363,0.03228765907073099,0.01570915619389587,0.03201344617263363,0.03228765907073099,0.01570915619389587
141,Young Children 100,047,-3.5,-6.1,-10.4,-4.7,-10.3,-13.4,131027.71179840367,35275.61925455575,12631.548778848854,0.21427605892727533,0.2686329031772165,0.23800353423827691,0.20676523850118533,0.2523229137977131,0.21328204737887407,0.05764142968809204,0.057176222588547196,0.06350147127615494,0.05495164046930186,0.0512660835147024,0.054973883725100266
142,Young Children 100,043,0.0,0.0,0.0,0.0,0.0,0.0,111884.09461572432,21848.45846006528,6911.1266498892,0.19912568525246208,0.2337479592266474,0.23205487671701464,0.19912568525246208,0.2337479592266474,0.23205487671701464,0.07002328617313476,0.06695144453603576,0.07807527822801845,0.07002328617313476,0.06695144453603576,0.07807527822801845
143,Young Children 100,030,0.0,0.0,0.0,0.0,0.0,,133756.55459118503,28419.482580628835,8782.284245904804,0.08219408937833592,0.1377818724500952,0.07692828801285224,0.08219408937833592,0.1377818724500952,0.07692828801285224,0.015860517866567787,0.010231180269567874,0.0,0.015860517866567787,0.010231180269567874,0.0
144,Young Children 100,033,-4.6,-10.7,-36.6,0.0,0.0,0.0,145629.0160642016,33012.007005937645,8479.474456595934,0.04848112340041133,0.049513997312771625,0.04161879749681358,0.04624368027544809,0.04422819815502391,0.026401365322416454,0.013956536649095243,0.004869379144032104,0.0018980167044652873,0.013956536649095243,0.004869379144032104,0.0018980167044652873
145,Young Children 100,028,0.0,0.0,0.0,0.0,0.0,0.0,153445.79015279879,36302.886635973045,8134.728151387197,0.09070925974816056,0.11212459366357769,0.08541734329327703,0.09070925974816056,0.11212459366357769,0.08541734329327703,0.02436896658593418,0.015186065693076511,0.015914257875933743,0.02436896658593418,0.015186065693076511,0.015914257875933743
146,Young Children 100,038,-0.8,-2.4,-12.0,-5.6,-16.8,-45.6,129652.98299008676,26979.170409235296,6765.31757045423,0.1238682441815253,0.12257754524584913,0.09846710666382798,0.12284619230128312,0.11961454273663978,0.08665105386416862,0.0685941232016886,0.07233997117078639,0.047583563977006596,0.06475031939121258,0.06019433025465805,0.025867575047902918
147,Young Children 200,Maryland,-4.0,-8.0,-18.9,-4.1,-10.9,-27.0,6319406.000000001,1390540.0,376011.0,0.12544612579093667,0.1482647029211673,0.15847940618758494,0.12043552827591705,0.13638514533922075,0.12854677123807548,0.04102490012510669,0.038308858429099486,0.035501620963216504,0.03933360192397829,0.03411983833618594,0.02591945448404435
148,Young Children 200,036,0.0,0.0,0.0,0.0,0.0,0.0,137998.50638469058,27920.790532813553,6638.590173752445,0.08983726420072358,0.0703802454774629,0.048160161549134356,0.08983726420072358,0.0703802454774629,0.048160161549134356,0.02685236008596517,0.01827459032000423,0.0036478072265690824,0.02685236008596517,0.01827459032000423,0.0036478072265690824
149,Young Children 200,037,-0.4,-1.3,-7.6,-3.9,-13.0,-40.8,131847.5727120465,26621.154768906068,6302.777533124193,0.09885305409837956,0.08952350118263244,0.06496865305783252,0.09846254311742715,0.0883567354787897,0.06004056378007987,0.037962840579996396,0.03666915913050692,0.022207048711694356,0.03649417971684932,0.031886470885025345,0.013150019768797585
150,Young Children 200,ZZZ,,,,,,,0.0,0.0,0.0,,,,,,,,,,,,
151,Young Children 200,021,-6.9,-12.8,-26.7,-3.6,-14.4,-20.1,136305.6112242434,30624.509722630184,10004.392169817478,0.13093740545616794,0.15444562895545555,0.20467990445098672,0.12192716782796074,0.13467260785414958,0.15001891537112355,0.04092506084165775,0.027037487248188802,0.030523787229626995,0.039449859334083355,0.023153418761233047,0.024380854497656815
152,Young Children 200,022,-9.4,-16.7,-31.9,-2.6,-6.1,-6.8,136174.3900377187,33567.93836029987,11379.632850923492,0.17814388636980186,0.2496280609540175,0.23774415465371837,0.1613494703503295,0.20790492435117566,0.16185230569992684,0.04470975660002567,0.045247867684207944,0.06205397071608618,0.04356060638000479,0.042490221678252484,0.05785110631913602
153,Young Children 200,023,-4.4,-6.1,-29.7,0.0,0.0,0.0,133548.15767913003,27862.335125054648,6988.339586682655,0.08282066474290678,0.1320403350174902,0.09534591348313305,0.07918199665510187,0.1240024352219818,0.0670654642414648,0.020635405268522297,0.006254186364870884,0.0053736600714453815,0.020635405268522297,0.006254186364870884,0.0053736600714453815
154,Young Children 200,024,-12.9,-22.3,-51.2,0.0,0.0,0.0,130034.15953075975,28421.306083763156,7178.431535745822,0.15421856382161264,0.2475312731183137,0.20257891274874532,0.1342502310687399,0.1923349772196234,0.09881436327148206,0.028229976883308788,0.011660933947021829,0.004951153728424558,0.028229976883308788,0.011660933947021829,0.004951153728424558
155,Young Children 200,004,-1.5,-2.9,-7.3,-0.6,-1.7,-1.7,148118.0657334245,34677.09076351521,8386.161595880963,0.08843172969710371,0.0788182468511217,0.10268198234722585,0.08707603890485768,0.07653992543920475,0.0952372589477629,0.02628107120128972,0.026038377290491025,0.026143051178832453,0.026128819288974446,0.025606284461161245,0.025700883109405145
156,Young Children 200,005,-6.7,-17.3,-48.7,-7.8,-24.7,-48.0,137093.76127801463,28591.27074882543,6856.070026504057,0.06907327344817545,0.07655746509129967,0.06304591265397537,0.06446988194708901,0.06331901181525242,0.032362821948488246,0.021387289711251985,0.02156283566058002,0.011422172452407616,0.019718420286283907,0.016245972073039742,0.005935050391937291
157,Young Children 200,009,-1.6,-3.8,-18.7,-1.5,-5.9,-8.9,151926.23747424368,35147.85986069961,8316.445336131641,0.07369501824790926,0.0775028352296996,0.04412358325641194,0.07249554308677235,0.07457945987914583,0.03589145129328043,0.02071240779282876,0.014957874002814923,0.01038418566347218,0.020405303796385714,0.014075874600973823,0.009461698505003988
158,Young Children 200,040,-0.4,-1.0,-1.4,-3.3,-8.6,-28.9,104197.73262145191,21160.71358460886,6593.244645583044,0.26531356208717544,0.3472289103148904,0.30917200086729185,0.26424774023088843,0.34370226895290995,0.3047852091947496,0.09657340946095563,0.11018875844582557,0.09174366764974483,0.09336084566239945,0.10073853282479231,0.06523111919641225
159,Young Children 200,045,0.0,0.0,0.0,0.0,0.0,0.0,117771.95295508276,24269.640233569524,7359.356584450285,0.21449398714101395,0.27139301292682844,0.188586752701303,0.21449398714101395,0.27139301292682844,0.188586752701303,0.07887484779062597,0.07872543029387832,0.035990688801692934,0.07887484779062597,0.07872543029387832,0.035990688801692934
160,Young Children 200,046,-0.5,-1.2,-1.9,-0.7,-2.0,-5.4,115319.12860217909,23573.20187336759,6814.72179616557,0.31273729359061125,0.4717596690787056,0.3898607167583739,0.3110437429463987,0.466192560646656,0.3823970073874338,0.11424270600977039,0.14794950288152822,0.07215561810052457,0.11342791623661051,0.14495182911042456,0.06828132621331905
161,Young Children 200,007,-0.6,-0.9,-2.1,-4.6,-13.4,-24.3,141761.4907281592,29232.372454450477,7020.847573886839,0.09180863359940401,0.104140804970251,0.18815802294184597,0.0912725560797769,0.10320424946568911,0.1842585308868629,0.03085325836821983,0.025874805879260478,0.0594672776079181,0.029446355172627545,0.0223996556030034,0.04499795803622238
162,Young Children 200,034,-4.7,-6.2,-12.5,-14.1,-12.3,-24.5,134751.91586952424,30031.386383115554,8292.506364727447,0.11168883530696679,0.13727408728660134,0.24548181254778312,0.1064643837870829,0.1288288474488237,0.214897300518323,0.05505529534395442,0.08559065708391249,0.1558808879818773,0.04727220218228122,0.07504162084526496,0.11767745836500723
163,Young Children 200,035,0.0,0.0,0.0,0.0,0.0,0.0,138772.6739831373,29334.71766036067,7224.587102113348,0.0821365825000468,0.0541606447192078,0.0698026998640133,0.0821365825000468,0.0541606447192078,0.0698026998640133,0.03378178652641121,0.025094309272937015,0.031039502656549065,0.03378178652641121,0.025094309272937015,0.031039502656549065
164,Young Children 200,015,-4.0,-7.2,-21.2,-12.9,-40.1,-63.6,132970.1432124917,28885.262020136455,6484.895562572541,0.09967103322512985,0.11834006621129425,0.13404743560291935,0.09570219405655331,0.10976210568270417,0.1056297263784806,0.029812105707604182,0.02497062997753498,0.03488506446048574,0.025971015412025098,0.014949674959478871,0.012708182925544887
165,Young Children 200,016,-6.8,-13.4,-49.7,-2.7,-5.5,-43.0,135523.97006429,28924.258288966797,6520.4750057160345,0.08851974055490112,0.09697845511194256,0.11521594204421487,0.0824699108509039,0.08402988852770109,0.057927991593180704,0.03170765285806048,0.026801317418289075,0.01388165877099014,0.03085307434151889,0.02532909654939006,0.007910058541099886
166,Young Children 200,017,-4.7,-9.5,-17.9,-24.8,-70.2,-95.8,148403.13987533527,29756.94306138756,6457.733047595881,0.16216918755478338,0.1773666891885152,0.304620129954975,0.1544664402434752,0.16045120088682505,0.25016489245018153,0.04344181844958863,0.04283617886540642,0.0567967816797042,0.032672398801056594,0.012773480802283561,0.002413407856393309
167,Young Children 200,018,-6.0,-11.9,-23.0,-8.8,-15.9,-59.7,141525.8510196117,33389.856048763984,10139.888772464239,0.17741666391316888,0.226868537759755,0.27844863864462227,0.16685102286596498,0.19993884256170105,0.21453982515071618,0.04808267803824196,0.051418642786256574,0.027480587081879296,0.04384060577164815,0.043246865933411024,0.01106428318273273
168,Young Children 200,019,-5.0,-9.6,-17.1,-13.0,-25.3,-69.0,150024.3023403057,36756.84048023443,11018.291570962498,0.18448607318580174,0.23878725618051982,0.31942870421616976,0.17531923373031155,0.21580905287494592,0.2647070665592145,0.04643480165995999,0.04891929809320609,0.03286792687894611,0.04038188251798885,0.03654006921131789,0.010199665971437474
169,Young Children 200,039,-2.6,-4.9,-10.7,-8.2,-31.2,-39.6,125782.827895456,28604.806028785453,8018.627729403648,0.09626540030318413,0.13844869744267888,0.10892420251753754,0.09374891728130746,0.1316786248365597,0.0972935593837808,0.029765043614429377,0.022815792328386684,0.0598164587661648,0.027337890625099014,0.015693470422434463,0.036151163207429726
170,Young Children 200,027,-6.2,-8.6,-22.3,-5.5,-8.7,-43.1,149478.66811975132,33012.956909311855,7724.560793892246,0.09070221099683566,0.11985250527332035,0.13056209295263763,0.08505803729319306,0.1094960429672653,0.10138409867233912,0.031809498390508346,0.048409865443049815,0.041830587617565605,0.03006623208660589,0.04419376621136888,0.02381197064054358
171,Young Children 200,029,-4.2,-5.4,-19.2,-7.5,-9.8,-45.5,145298.59229879008,33493.22789802034,7307.352894307185,0.08495229388223377,0.11412240454156623,0.09659597219746925,0.08142083114857687,0.1079399642273894,0.07806095170201388,0.0445331791679551,0.07875806827902637,0.07806095170201388,0.041185460053688984,0.07100085543199317,0.04250579219390482
172,Young Children 200,014,-3.9,-7.1,-9.0,-4.7,-23.8,-44.7,141946.0474380321,34745.04826598392,8938.492689604362,0.11097748013477153,0.13733999978829733,0.2121057977728223,0.1066180646907167,0.12758930284316336,0.19299962085315617,0.03098600431633533,0.019416320192332644,0.02413085331737054,0.02951724069002296,0.014788329825575108,0.013337104018598113
173,Young Children 200,020,-7.5,-17.7,-25.6,-1.4,-5.9,-19.3,141302.71815447757,32011.985805741428,10487.595621680797,0.18061915420361876,0.19341005283375043,0.20633639299210835,0.16707120615993032,0.1592005972452924,0.15355950608634955,0.05470714243952992,0.04303365127812781,0.024061060063026645,0.05396412140084227,0.04050406693507818,0.019428328920148005
174,Young Children 200,003,-6.7,-7.7,-25.0,0.0,0.0,0.0,140518.83013425834,30562.05982737942,8474.619413160095,0.11005673178728505,0.13211030239492705,0.14637796378131598,0.10271676993927643,0.12195711251552857,0.10976246739087553,0.031819954540972036,0.029769987708947933,0.02200441416173493,0.031819954540972036,0.029769987708947933,0.02200441416173493
175,Young Children 200,010,-5.7,-4.8,-17.3,-14.3,-30.5,-100.0,130559.54700365491,29764.686280670492,8255.413412128444,0.15177956915306048,0.1671475138989402,0.16478835386612536,0.14318420562669298,0.15905990229600395,0.13620546905171035,0.034574072228122345,0.035910762460068024,0.013498999119886276,0.029621564094962343,0.024959378966236876,0.0
176,Young Children 200,012,-7.0,-21.4,-57.8,0.0,0.0,0.0,130908.08116763597,30119.172576573583,8139.57585812543,0.09125785759119509,0.09124857113809952,0.10981960187886274,0.08485977043063511,0.07174458557926121,0.04635011817430879,0.033265795596886576,0.01126651147198068,0.007040058455805326,0.033265795596886576,0.01126651147198068,0.007040058455805326
177,Young Children 200,044,-5.0,-13.0,-32.6,-2.9,-10.3,-32.9,117785.24830688488,26235.511256030055,7311.2666970359005,0.15558040335415374,0.18568518845961657,0.21859474884681493,0.1477714363773584,0.16159995095219293,0.14727573466631294,0.054681020817840244,0.04028765240308778,0.026027590356995655,0.05312010577637352,0.03611819817923997,0.017454835955805433
178,Young Children 200,006,0.0,0.0,0.0,-0.5,-1.4,-11.4,125611.7874249458,26627.900369576055,6495.668314121458,0.15173866692253685,0.1415781584874165,0.0959892051711722,0.15173866692253685,0.1415781584874165,0.0959892051711722,0.05417839157404414,0.07383073456362595,0.0368880221750491,0.053901255967928316,0.07280906658551059,0.032699866035225976
179,Young Children 200,008,0.0,0.0,0.0,-3.4,-17.3,-33.8,131122.27886295505,27579.985376932043,8905.386181606156,0.14388254811159018,0.1557067050759926,0.3223136877749999,0.14388254811159018,0.1557067050759926,0.3223136877749999,0.060281635284140496,0.04383401968539787,0.06947652882701924,0.05823806881903257,0.03624133776251113,0.04596198918387214
180,Young Children 200,042,-0.4,-0.7,-3.1,-1.1,-3.1,-4.9,131511.08893079936,27892.91390160102,7397.141166917899,0.10915223217817072,0.11101954795899453,0.09439025178554457,0.10871440409393672,0.11024543672336101,0.09147125679024097,0.057776944454259425,0.05202341960301566,0.0604556400185236,0.05712849452647346,0.05043610060469643,0.05747767542735527
181,Young Children 200,001,-14.1,-28.4,-73.6,0.0,0.0,0.0,114170.96362899712,21238.114213837565,5578.435272971896,0.11085355658600969,0.11005014709458207,0.15924933955160636,0.09518961722575532,0.07879399849895453,0.042071983827763615,0.04137211672147138,0.042089366598234514,0.013969078277108646,0.04137211672147138,0.042089366598234514,0.013969078277108646
182,Young Children 200,013,-1.6,-3.5,-13.0,0.0,0.0,0.0,148745.83789038018,36389.271209665174,9943.934317579071,0.07999514445240397,0.07100556394432579,0.07092252575369754,0.07870511616502367,0.06848758588352914,0.06170812593688305,0.027692324216020425,0.01242663893504158,0.025372985002822496,0.027692324216020425,0.01242663893504158,0.025372985002822496
183,Young Children 200,031,0.0,0.0,0.0,0.0,0.0,0.0,145270.88316427977,32619.544246425525,9982.382059260528,0.07463323865795647,0.07158132330192994,0.037178120853448335,0.07463323865795647,0.07158132330192994,0.037178120853448335,0.02718229836588012,0.030199825126899955,0.021421208957119478,0.02718229836588012,0.030199825126899955,0.021421208957119478
184,Young Children 200,032,-6.8,-15.4,-50.4,0.0,0.0,0.0,156224.75947178405,34893.13420019191,9381.886953436315,0.05891799154951797,0.0629867092492698,0.052778520872698215,0.05488319773221913,0.053312535193457536,0.02617179672535701,0.019281879041347354,0.013773803954014244,0.011010545228861543,0.019281879041347354,0.013773803954014244,0.011010545228861543
185,Young Children 200,011,-3.5,-3.8,-17.5,-9.8,-32.7,-100.0,133963.79563157394,29444.971972330313,6855.220284896709,0.10981002457370936,0.10977969071335979,0.10357770495969329,0.1059578311269566,0.10555317343821334,0.08542370296774536,0.033230880988720415,0.023232966020200772,0.013676338005645352,0.029961741111215783,0.01562622963439931,0.0
186,Young Children 200,025,-11.2,-20.6,-46.2,0.0,0.0,0.0,126097.64789268172,26867.999196267705,6875.930336358478,0.14216235814700642,0.21174346203795835,0.17791281268899836,0.12620520784234357,0.16803508413071197,0.09565311064127893,0.02839671105752708,0.01211817873398277,0.004468805002240771,0.02839671105752708,0.01211817873398277,0.004468805002240771
187,Young Children 200,026,-3.0,-8.3,-18.6,0.0,0.0,0.0,127742.05797427213,24824.052780939528,6997.055186839021,0.12882211555112386,0.0974373592487523,0.10270612788800947,0.12493386073376982,0.08931266924026496,0.08363309445572623,0.04053874404331779,0.01661204124876037,0.009190221680425163,0.04053874404331779,0.01661204124876037,0.009190221680425163
188,Young Children 200,041,-0.3,-0.9,-1.3,-5.4,-14.5,-47.7,112002.38869914619,23320.69949570873,7424.021401765578,0.25027279628216,0.29874722660855424,0.25540515867267255,0.24945100485671823,0.29609508912855687,0.25217627063520465,0.0922229004499366,0.09595695528223344,0.08558938625077585,0.08726209051183151,0.08207425144925233,0.044790229327742875
189,Young Children 200,002,-6.0,-14.2,-66.3,0.0,0.0,0.0,133897.03637100285,29704.885786162435,7834.564727028104,0.09380149825029055,0.0982243267238828,0.06530520646319568,0.08818798379631151,0.08431488606096478,0.021992818671454216,0.03201344617263363,0.03228765907073099,0.01570915619389587,0.03201344617263363,0.03228765907073099,0.01570915619389587
190,Young Children 200,047,-8.7,-15.6,-27.7,-4.7,-10.3,-13.4,131027.71179840367,35275.61925455575,12631.548778848854,0.21427605892727533,0.2686329031772165,0.23800353423827691,0.19564978806801828,0.2266456331120184,0.17201991745621115,0.05764142968809204,0.057176222588547196,0.06350147127615494,0.05495164046930186,0.0512660835147024,0.054973883725100266
191,Young Children 200,043,0.0,0.0,0.0,0.0,0.0,0.0,111884.09461572432,21848.45846006528,6911.1266498892,0.19912568525246208,0.2337479592266474,0.23205487671701464,0.19912568525246208,0.2337479592266474,0.23205487671701464,0.07002328617313476,0.06695144453603576,0.07807527822801845,0.07002328617313476,0.06695144453603576,0.07807527822801845
192,Young Children 200,030,0.0,0.0,0.0,0.0,0.0,,133756.55459118503,28419.482580628835,8782.284245904804,0.08219408937833592,0.1377818724500952,0.07692828801285224,0.08219408937833592,0.1377818724500952,0.07692828801285224,0.015860517866567787,0.010231180269567874,0.0,0.015860517866567787,0.010231180269567874,0.0
193,Young Children 200,033,-4.6,-10.7,-36.6,0.0,0.0,0.0,145629.0160642016,33012.007005937645,8479.474456595934,0.04848112340041133,0.049513997312771625,0.04161879749681358,0.04624368027544809,0.04422819815502391,0.026401365322416454,0.013956536649095243,0.004869379144032104,0.0018980167044652873,0.013956536649095243,0.004869379144032104,0.0018980167044652873
194,Young Children 200,028,0.0,0.0,0.0,0.0,0.0,0.0,153445.79015279879,36302.886635973045,8134.728151387197,0.09070925974816056,0.11212459366357769,0.08541734329327703,0.09070925974816056,0.11212459366357769,0.08541734329327703,0.02436896658593418,0.015186065693076511,0.015914257875933743,0.02436896658593418,0.015186065693076511,0.015914257875933743
195,Young Children 200,038,-0.8,-2.4,-12.0,-5.6,-16.8,-45.6,129652.98299008676,26979.170409235296,6765.31757045423,0.1238682441815253,0.12257754524584913,0.09846710666382798,0.12284619230128312,0.11961454273663978,0.08665105386416862,0.0685941232016886,0.07233997117078639,0.047583563977006596,0.06475031939121258,0.06019433025465805,0.025867575047902918
